use neovation;

-- insert into countries(code, name, continent, phone_code) values ('AD','Andorra','EU', '376');
-- insert into countries(code, name, continent, phone_code) values ('AE','United Arab Emirates','AS', '971');
-- insert into countries(code, name, continent, phone_code) values ('AF','Afghanistan','AS', '93');
-- insert into countries(code, name, continent, phone_code) values ('AG','Antigua and Barbuda','NA', '1-268');
-- insert into countries(code, name, continent, phone_code) values ('AI','Anguilla','NA', '1-264');
-- insert into countries(code, name, continent, phone_code) values ('AL','Albania','EU', '355');
-- insert into countries(code, name, continent, phone_code) values ('AM','Armenia','AS', '374');
-- insert into countries(code, name, continent, phone_code) values ('AO','Angola','AF', '244');
-- insert into countries(code, name, continent, phone_code) values ('AQ','Antarctica','AN', '672');
-- insert into countries(code, name, continent, phone_code) values ('AR','Argentina','SA', '54');
-- insert into countries(code, name, continent, phone_code) values ('AS','American Samoa','OC', '1-684');
-- insert into countries(code, name, continent, phone_code) values ('AT','Austria','EU', '43');
-- insert into countries(code, name, continent, phone_code) values ('AU','Australia','OC', '61');
-- insert into countries(code, name, continent, phone_code) values ('AW','Aruba','NA', '297');
-- insert into countries(code, name, continent, phone_code) values ('AZ','Azerbaijan','AS', '994');
-- insert into countries(code, name, continent, phone_code) values ('BA','Bosnia and Herzegovina','EU', '387');
-- insert into countries(code, name, continent, phone_code) values ('BB','Barbados','NA', '1-246');
-- insert into countries(code, name, continent, phone_code) values ('BD','Bangladesh','AS', '880');
-- insert into countries(code, name, continent, phone_code) values ('BE','Belgium','EU', '32');
-- insert into countries(code, name, continent, phone_code) values ('BF','Burkina Faso','AF', '226');
-- insert into countries(code, name, continent, phone_code) values ('BG','Bulgaria','EU', '359');
-- insert into countries(code, name, continent, phone_code) values ('BH','Bahrain','AS', '973');
-- insert into countries(code, name, continent, phone_code) values ('BI','Burundi','AF', '257');
-- insert into countries(code, name, continent, phone_code) values ('BJ','Benin','AF', '229');
-- insert into countries(code, name, continent, phone_code) values ('BL','Saint Barthélemy','NA', '590');
-- insert into countries(code, name, continent, phone_code) values ('BM','Bermuda','NA', '1-441');
-- insert into countries(code, name, continent, phone_code) values ('BN','Brunei','AS', '673');
-- insert into countries(code, name, continent, phone_code) values ('BO','Bolivia','SA', '591');
-- insert into countries(code, name, continent, phone_code) values ('BQ','Caribbean Netherlands','NA', '599');
-- insert into countries(code, name, continent, phone_code) values ('BR','Brazil','SA', '55');
-- insert into countries(code, name, continent, phone_code) values ('BS','Bahamas','NA', '1-242');
-- insert into countries(code, name, continent, phone_code) values ('BT','Bhutan','AS', '975');
-- insert into countries(code, name, continent, phone_code) values ('BW','Botswana','AF', '267');
-- insert into countries(code, name, continent, phone_code) values ('BY','Belarus','EU', '375');
-- insert into countries(code, name, continent, phone_code) values ('BZ','Belize','NA', '501');
-- insert into countries(code, name, continent, phone_code) values ('CA','Canada','NA', '1');
-- insert into countries(code, name, continent, phone_code) values ('CC','Cocos (Keeling) Islands','AS', '61');
-- insert into countries(code, name, continent, phone_code) values ('CD','Democratic Republic of the Congo','AF', '243');
-- insert into countries(code, name, continent, phone_code) values ('CF','Central African Republic','AF', '236');
-- insert into countries(code, name, continent, phone_code) values ('CG','Republic of the Congo','AF', '242');
-- insert into countries(code, name, continent, phone_code) values ('CH','Switzerland','EU', '41');
-- insert into countries(code, name, continent, phone_code) values ('CI','Côte d\'Ivoire','AF', '225');
-- insert into countries(code, name, continent, phone_code) values ('CK','Cook Islands','OC', '682');
-- insert into countries(code, name, continent, phone_code) values ('CL','Chile','SA', '56');
-- insert into countries(code, name, continent, phone_code) values ('CM','Cameroon','AF', '237');
-- insert into countries(code, name, continent, phone_code) values ('CN','China','AS', '86');
-- insert into countries(code, name, continent, phone_code) values ('CO','Colombia','SA', '57');
-- insert into countries(code, name, continent, phone_code) values ('CR','Costa Rica','NA', '506');
-- insert into countries(code, name, continent, phone_code) values ('CU','Cuba','NA', '53');
-- insert into countries(code, name, continent, phone_code) values ('CV','Cape Verde','AF', '238');
-- insert into countries(code, name, continent, phone_code) values ('CW','Curaçao','NA', '599');
-- insert into countries(code, name, continent, phone_code) values ('CX','Christmas Island','AS', '61');
-- insert into countries(code, name, continent, phone_code) values ('CY','Cyprus','AS', '357');
-- insert into countries(code, name, continent, phone_code) values ('CZ','Czech Republic','EU', '420');
-- insert into countries(code, name, continent, phone_code) values ('DE','Germany','EU', '49');
-- insert into countries(code, name, continent, phone_code) values ('DJ','Djibouti','AF', '253');
-- insert into countries(code, name, continent, phone_code) values ('DK','Denmark','EU', '45');
-- insert into countries(code, name, continent, phone_code) values ('DM','Dominica','NA', '1-767');
-- insert into countries(code, name, continent, phone_code) values ('DO','Dominican Republic','NA', '1-809');
-- insert into countries(code, name, continent, phone_code) values ('DZ','Algeria','AF', '213');
-- insert into countries(code, name, continent, phone_code) values ('EC','Ecuador','SA', '593');
-- insert into countries(code, name, continent, phone_code) values ('EE','Estonia','EU', '372');
-- insert into countries(code, name, continent, phone_code) values ('EG','Egypt','AF', '20');
-- insert into countries(code, name, continent, phone_code) values ('EH','Western Sahara (disputed territory)','AF', '212');
-- insert into countries(code, name, continent, phone_code) values ('ER','Eritrea','AF', '291');
-- insert into countries(code, name, continent, phone_code) values ('ES','Spain','EU', '34');
-- insert into countries(code, name, continent, phone_code) values ('ET','Ethiopia','AF', '251');
-- insert into countries(code, name, continent, phone_code) values ('FI','Finland','EU', '358');
-- insert into countries(code, name, continent, phone_code) values ('FJ','Fiji','OC', '679');
-- insert into countries(code, name, continent, phone_code) values ('FK','Falkland Islands','SA', '500');
-- insert into countries(code, name, continent, phone_code) values ('FM','Micronesia','OC', '691');
-- insert into countries(code, name, continent, phone_code) values ('FO','Faroe Islands','EU', '298');
-- insert into countries(code, name, continent, phone_code) values ('FR','France','EU', '33');
-- insert into countries(code, name, continent, phone_code) values ('GA','Gabon','AF', '241');
-- insert into countries(code, name, continent, phone_code) values ('GB','United Kingdom','EU', '44');
-- insert into countries(code, name, continent, phone_code) values ('GD','Grenada','NA', '1-473');
-- insert into countries(code, name, continent, phone_code) values ('GE','Georgia','AS', '995');
-- insert into countries(code, name, continent, phone_code) values ('GF','French Guiana','SA', '594');
-- insert into countries(code, name, continent, phone_code) values ('GG','Guernsey','EU', '44');
-- insert into countries(code, name, continent, phone_code) values ('GH','Ghana','AF', '233');
-- insert into countries(code, name, continent, phone_code) values ('GI','Gibraltar','EU', '350');
-- insert into countries(code, name, continent, phone_code) values ('GL','Greenland','NA', '299');
-- insert into countries(code, name, continent, phone_code) values ('GM','Gambia','AF', '220');
-- insert into countries(code, name, continent, phone_code) values ('GN','Guinea','AF', '224');
-- insert into countries(code, name, continent, phone_code) values ('GP','Guadeloupe','NA', '590');
-- insert into countries(code, name, continent, phone_code) values ('GQ','Equatorial Guinea','AF', '240');
-- insert into countries(code, name, continent, phone_code) values ('GR','Greece','EU', '30');
-- insert into countries(code, name, continent, phone_code) values ('GS','South Georgia and the South Sandwich Islands','AN', '500');
-- insert into countries(code, name, continent, phone_code) values ('GT','Guatemala','NA', '502');
-- insert into countries(code, name, continent, phone_code) values ('GU','Guam','OC', '1-671');
-- insert into countries(code, name, continent, phone_code) values ('GW','Guinea-Bissau','AF', '245');
-- insert into countries(code, name, continent, phone_code) values ('GY','Guyana','SA', '592');
-- insert into countries(code, name, continent, phone_code) values ('HK','Hong Kong','AS', '852');
-- insert into countries(code, name, continent, phone_code) values ('HM','Heard and McDonald Islands','OC', '672');
-- insert into countries(code, name, continent, phone_code) values ('HN','Honduras','NA', '504');
-- insert into countries(code, name, continent, phone_code) values ('HR','Croatia','EU', '385');
-- insert into countries(code, name, continent, phone_code) values ('HT','Haiti','NA', '509');
-- insert into countries(code, name, continent, phone_code) values ('HU','Hungary','EU', '36');
-- insert into countries(code, name, continent, phone_code) values ('ID','Indonesia','AS', '62');
-- insert into countries(code, name, continent, phone_code) values ('IE','Ireland','EU', '353');
-- insert into countries(code, name, continent, phone_code) values ('IL','Israel','AS', '972');
-- insert into countries(code, name, continent, phone_code) values ('IM','Isle of Man','EU', '44');
-- insert into countries(code, name, continent, phone_code) values ('IN','India','AS', '91');
-- insert into countries(code, name, continent, phone_code) values ('IO','British Indian Ocean Territory','AS', '246');
-- insert into countries(code, name, continent, phone_code) values ('IQ','Iraq','AS', '964');
-- insert into countries(code, name, continent, phone_code) values ('IR','Iran','AS', '98');
-- insert into countries(code, name, continent, phone_code) values ('IS','Iceland','EU', '354');
-- insert into countries(code, name, continent, phone_code) values ('IT','Italy','EU', '39');
-- insert into countries(code, name, continent, phone_code) values ('JE','Jersey','EU', '44');
-- insert into countries(code, name, continent, phone_code) values ('JM','Jamaica','NA', '1-876');
-- insert into countries(code, name, continent, phone_code) values ('JO','Jordan','AS', '962');
-- insert into countries(code, name, continent, phone_code) values ('JP','Japan','AS', '81');
-- insert into countries(code, name, continent, phone_code) values ('KE','Kenya','AF', '254');
-- insert into countries(code, name, continent, phone_code) values ('KG','Kyrgyzstan','AS', '996');
-- insert into countries(code, name, continent, phone_code) values ('KH','Cambodia','AS', '855');
-- insert into countries(code, name, continent, phone_code) values ('KI','Kiribati','OC', '686');
-- insert into countries(code, name, continent, phone_code) values ('KM','Comoros','AF', '269');
-- insert into countries(code, name, continent, phone_code) values ('KN','Saint Kitts and Nevis','NA', '1-869');
-- insert into countries(code, name, continent, phone_code) values ('KP','North Korea','AS', '850');
-- insert into countries(code, name, continent, phone_code) values ('KR','South Korea','AS', '82');
-- insert into countries(code, name, continent, phone_code) values ('KW','Kuwait','AS', '965');
-- insert into countries(code, name, continent, phone_code) values ('KY','Cayman Islands','NA', '1-345');
-- insert into countries(code, name, continent, phone_code) values ('KZ','Kazakhstan','AS', '7');
-- insert into countries(code, name, continent, phone_code) values ('LA','Laos','AS', '856');
-- insert into countries(code, name, continent, phone_code) values ('LB','Lebanon','AS', '961');
-- insert into countries(code, name, continent, phone_code) values ('LC','Saint Lucia','NA', '1-758');
-- insert into countries(code, name, continent, phone_code) values ('LI','Liechtenstein','EU', '423');
-- insert into countries(code, name, continent, phone_code) values ('LK','Sri Lanka','AS', '94');
-- insert into countries(code, name, continent, phone_code) values ('LR','Liberia','AF', '231');
-- insert into countries(code, name, continent, phone_code) values ('LS','Lesotho','AF', '266');
-- insert into countries(code, name, continent, phone_code) values ('LT','Lithuania','EU', '370');
-- insert into countries(code, name, continent, phone_code) values ('LU','Luxembourg','EU', '352');
-- insert into countries(code, name, continent, phone_code) values ('LV','Latvia','EU', '371');
-- insert into countries(code, name, continent, phone_code) values ('LY','Libya','AF', '218');
-- insert into countries(code, name, continent, phone_code) values ('MA','Morocco','AF', '212');
-- insert into countries(code, name, continent, phone_code) values ('MC','Monaco','EU', '377');
-- insert into countries(code, name, continent, phone_code) values ('MD','Moldova','EU', '373');
-- insert into countries(code, name, continent, phone_code) values ('ME','Montenegro','EU', '382');
-- insert into countries(code, name, continent, phone_code) values ('MF','Saint Martin','NA', '590');
-- insert into countries(code, name, continent, phone_code) values ('MG','Madagascar','AF', '261');
-- insert into countries(code, name, continent, phone_code) values ('MH','Marshall Islands','OC', '692');
-- insert into countries(code, name, continent, phone_code) values ('MK','North Macedonia','EU', '389');
-- insert into countries(code, name, continent, phone_code) values ('ML','Mali','AF', '223');
-- insert into countries(code, name, continent, phone_code) values ('MM','Myanmar','AS', '95');
-- insert into countries(code, name, continent, phone_code) values ('MN','Mongolia','AS', '976');
-- insert into countries(code, name, continent, phone_code) values ('MO','Macau','AS', '853');
-- insert into countries(code, name, continent, phone_code) values ('MP','Northern Mariana Islands','OC', '1-670');
-- insert into countries(code, name, continent, phone_code) values ('MQ','Martinique','NA', '596');
-- insert into countries(code, name, continent, phone_code) values ('MR','Mauritania','AF', '222');
-- insert into countries(code, name, continent, phone_code) values ('MS','Montserrat','NA', '1-664');
-- insert into countries(code, name, continent, phone_code) values ('MT','Malta','EU', '356');
-- insert into countries(code, name, continent, phone_code) values ('MU','Mauritius','AF', '230');
-- insert into countries(code, name, continent, phone_code) values ('MV','Maldives','AS', '960');
-- insert into countries(code, name, continent, phone_code) values ('MW','Malawi','AF', '265');
-- insert into countries(code, name, continent, phone_code) values ('MX','Mexico','NA', '52');
-- insert into countries(code, name, continent, phone_code) values ('MY','Malaysia','AS', '60');
-- insert into countries(code, name, continent, phone_code) values ('MZ','Mozambique','AF', '258');
-- insert into countries(code, name, continent, phone_code) values ('NA','Namibia','AF', '264');
-- insert into countries(code, name, continent, phone_code) values ('NC','New Caledonia','OC', '687');
-- insert into countries(code, name, continent, phone_code) values ('NE','Niger','AF', '227');
-- insert into countries(code, name, continent, phone_code) values ('NF','Norfolk Island','OC', '672');
-- insert into countries(code, name, continent, phone_code) values ('NG','Nigeria','AF', '234');
-- insert into countries(code, name, continent, phone_code) values ('NI','Nicaragua','NA', '505');
-- insert into countries(code, name, continent, phone_code) values ('NL','Netherlands','EU', '31');
-- insert into countries(code, name, continent, phone_code) values ('NO','Norway','EU', '47');
-- insert into countries(code, name, continent, phone_code) values ('NP','Nepal','AS', '977');
-- insert into countries(code, name, continent, phone_code) values ('NR','Nauru','OC', '674');
-- insert into countries(code, name, continent, phone_code) values ('NU','Niue','OC', '683');
-- insert into countries(code, name, continent, phone_code) values ('NZ','New Zealand','OC', '64');
-- insert into countries(code, name, continent, phone_code) values ('OM','Oman','AS', '968');
-- insert into countries(code, name, continent, phone_code) values ('PA','Panama','NA', '507');
-- insert into countries(code, name, continent, phone_code) values ('PE','Peru','SA', '51');
-- insert into countries(code, name, continent, phone_code) values ('PF','French Polynesia','OC', '689');
-- insert into countries(code, name, continent, phone_code) values ('PG','Papua New Guinea','OC', '675');
-- insert into countries(code, name, continent, phone_code) values ('PH','Philippines','AS', '63');
-- insert into countries(code, name, continent, phone_code) values ('PK','Pakistan','AS', '92');
-- insert into countries(code, name, continent, phone_code) values ('PL','Poland','EU', '48');
-- insert into countries(code, name, continent, phone_code) values ('PM','Saint Pierre and Miquelon','NA', '508');
-- insert into countries(code, name, continent, phone_code) values ('PN','Pitcairn','OC', '64');
-- insert into countries(code, name, continent, phone_code) values ('PR','Puerto Rico','NA', '1-787');
-- insert into countries(code, name, continent, phone_code) values ('PS','Palestinian Territory','AS', '970');
-- insert into countries(code, name, continent, phone_code) values ('PT','Portugal','EU', '351');
-- insert into countries(code, name, continent, phone_code) values ('PW','Palau','OC', '680');
-- insert into countries(code, name, continent, phone_code) values ('PY','Paraguay','SA', '595');
-- insert into countries(code, name, continent, phone_code) values ('QA','Qatar','AS', '974');
-- insert into countries(code, name, continent, phone_code) values ('RE','Réunion','AF', '262');
-- insert into countries(code, name, continent, phone_code) values ('RO','Romania','EU', '40');
-- insert into countries(code, name, continent, phone_code) values ('RS','Serbia','EU', '381');
-- insert into countries(code, name, continent, phone_code) values ('RU','Russia','EU', '7');
-- insert into countries(code, name, continent, phone_code) values ('RW','Rwanda','AF', '250');
-- insert into countries(code, name, continent, phone_code) values ('SA','Saudi Arabia','AS', '966');
-- insert into countries(code, name, continent, phone_code) values ('SB','Solomon Islands','OC', '677');
-- insert into countries(code, name, continent, phone_code) values ('SC','Seychelles','AF', '248');
-- insert into countries(code, name, continent, phone_code) values ('SD','Sudan','AF', '249');
-- insert into countries(code, name, continent, phone_code) values ('SE','Sweden','EU', '46');
-- insert into countries(code, name, continent, phone_code) values ('SG','Singapore','AS', '65');
-- insert into countries(code, name, continent, phone_code) values ('SH','Saint Helena, Ascension and Tristan da Cunha','AF', '290');
-- insert into countries(code, name, continent, phone_code) values ('SI','Slovenia','EU', '386');
-- insert into countries(code, name, continent, phone_code) values ('SK','Slovakia','EU', '421');
-- insert into countries(code, name, continent, phone_code) values ('SL','Sierra Leone','AF', '232');
-- insert into countries(code, name, continent, phone_code) values ('SM','San Marino','EU', '378');
-- insert into countries(code, name, continent, phone_code) values ('SN','Senegal','AF', '221');
-- insert into countries(code, name, continent, phone_code) values ('SO','Somalia','AF', '252');
-- insert into countries(code, name, continent, phone_code) values ('SR','Suriname','SA', '597');
-- insert into countries(code, name, continent, phone_code) values ('SS','South Sudan','AF', '211');
-- insert into countries(code, name, continent, phone_code) values ('ST','São Tomé and Principe','AF', '239');
-- insert into countries(code, name, continent, phone_code) values ('SV','El Salvador','NA', '503');
-- insert into countries(code, name, continent, phone_code) values ('SX','Sint Maarten','NA', '1-721');
-- insert into countries(code, name, continent, phone_code) values ('SY','Syria','AS', '963');
-- insert into countries(code, name, continent, phone_code) values ('SZ','Eswatini','AF', '268');
-- insert into countries(code, name, continent, phone_code) values ('TC','Turks and Caicos Islands','NA', '1-649');
-- insert into countries(code, name, continent, phone_code) values ('TD','Chad','AF', '235');
-- insert into countries(code, name, continent, phone_code) values ('TF','French Southern and Antarctic Lands','AF', '262');
-- insert into countries(code, name, continent, phone_code) values ('TG','Togo','AF', '228');
-- insert into countries(code, name, continent, phone_code) values ('TH','Thailand','AS', '66');
-- insert into countries(code, name, continent, phone_code) values ('TJ','Tajikistan','AS', '992');
-- insert into countries(code, name, continent, phone_code) values ('TK','Tokelau','OC', '690');
-- insert into countries(code, name, continent, phone_code) values ('TL','Timor-Leste','AS', '670');
-- insert into countries(code, name, continent, phone_code) values ('TM','Turkmenistan','AS', '993');
-- insert into countries(code, name, continent, phone_code) values ('TN','Tunisia','AF', '216');
-- insert into countries(code, name, continent, phone_code) values ('TO','Tonga','OC', '676');
-- insert into countries(code, name, continent, phone_code) values ('TR','Turkey','AS', '90');
-- insert into countries(code, name, continent, phone_code) values ('TT','Trinidad and Tobago','NA', '1-868');
-- insert into countries(code, name, continent, phone_code) values ('TV','Tuvalu','OC', '688');
-- insert into countries(code, name, continent, phone_code) values ('TW','Taiwan','AS', '886');
-- insert into countries(code, name, continent, phone_code) values ('TZ','Tanzania','AF', '255');
-- insert into countries(code, name, continent, phone_code) values ('UA','Ukraine','EU', '380');
-- insert into countries(code, name, continent, phone_code) values ('UG','Uganda','AF', '256');
-- insert into countries(code, name, continent, phone_code) values ('UM','United States Minor Outlying Islands','OC', '1');
-- insert into countries(code, name, continent, phone_code) values ('US','United States','NA', '1');
-- insert into countries(code, name, continent, phone_code) values ('UY','Uruguay','SA', '598');
-- insert into countries(code, name, continent, phone_code) values ('UZ','Uzbekistan','AS', '998');
-- insert into countries(code, name, continent, phone_code) values ('VA','Vatican City','EU', '379');
-- insert into countries(code, name, continent, phone_code) values ('VC','Saint Vincent and the Grenadines','NA', '1-784');
-- insert into countries(code, name, continent, phone_code) values ('VE','Venezuela','SA', '58');
-- insert into countries(code, name, continent, phone_code) values ('VG','British Virgin Islands','NA', '1-284');
-- insert into countries(code, name, continent, phone_code) values ('VI','U.S. Virgin Islands','NA', '1-340');
-- insert into countries(code, name, continent, phone_code) values ('VN','Vietnam','AS', '84');
-- insert into countries(code, name, continent, phone_code) values ('VU','Vanuatu','OC', '678');
-- insert into countries(code, name, continent, phone_code) values ('WF','Wallis and Futuna','OC', '681');
-- insert into countries(code, name, continent, phone_code) values ('WS','Samoa','OC', '685');
-- insert into countries(code, name, continent, phone_code) values ('XK','Kosovo','EU', '383');
-- insert into countries(code, name, continent, phone_code) values ('XP','Paracel Islands (disputed)','AS', NULL);
-- insert into countries(code, name, continent, phone_code) values ('YE','Yemen','AS', '967');
-- insert into countries(code, name, continent, phone_code) values ('YT','Mayotte','AF', '262');
-- insert into countries(code, name, continent, phone_code) values ('ZA','South Africa','AF', '27');
-- insert into countries(code, name, continent, phone_code) values ('ZM','Zambia','AF', '260');
-- insert into countries(code, name, continent, phone_code) values ('ZW','Zimbabwe','AF', '263');